{
  "mass": [
    0,
    314,
    314,
    314,
    314,
    250
  ],
  "Heff": 12.52,
  "storey": 3.6,
  "span": 7.0,
  "m": 5,
  "n": 4.0,
  "r": 2,
  "sections": [
    {
      "Keys": [
        "Material",
        "Section",
        "Strain",
        "S",
        "Stress"
      ],
      "Values": [
        13600000,
        [
          0.6,
          0.6
        ],
        [
          -0.0347083597942832,
          -0.00273078219791317,
          -0.000959967320261438,
          0,
          0.000959967320261438,
          0.00273078219791317,
          0.0347083597942832
        ],
        [
          271.8,
          99518.2,
          0,
          1342.05
        ],
        [
          -199.3,
          -143.8,
          -94,
          0,
          94,
          143.8,
          199.3
        ]
      ],
      "Count": 5
    },
    {
      "Keys": [
        "Material",
        "Section",
        "Strain",
        "S",
        "Stress"
      ],
      "Values": [
        13600000,
        [
          0.4,
          0.6
        ],
        [
          -0.0265979721249118,
          -0.00230330901726361,
          -0.000970179738562092,
          0,
          0.000970179738562092,
          0.00230330901726361,
          0.0265979721249118
        ],
        [
          143.5,
          62310.9,
          0,
          906.31
        ],
        [
          -234.2,
          -131.2,
          -95,
          0,
          95,
          131.2,
          234.2
        ]
      ],
      "Count": 5
    },
    {
      "Keys": [
        "Material",
        "Section",
        "Strain",
        "S",
        "Stress"
      ],
      "Values": [
        13600000,
        [
          0.4,
          0.6
        ],
        [
          -0.0231054118882106,
          -0.00197884324000769,
          -0.000816993464052288,
          0,
          0.000816993464052288,
          0.00197884324000769,
          0.0231054118882106
        ],
        [
          109.9,
          55540.3,
          0,
          802.28
        ],
        [
          -197.1,
          -111.9,
          -80,
          0,
          80,
          111.9,
          197.1
        ]
      ],
      "Count": 5
    },
    {
      "Keys": [
        "Material",
        "Section",
        "Strain",
        "S",
        "Stress"
      ],
      "Values": [
        13600000,
        [
          0.4,
          0.6
        ],
        [
          -0.0284511463332829,
          -0.00207019809566117,
          -0.000674019607843137,
          0,
          0.000674019607843137,
          0.00207019809566117,
          0.0284511463332829
        ],
        [
          91,
          43969.6,
          0,
          541.65
        ],
        [
          -165.6,
          -104.1,
          -66,
          0,
          66,
          104.1,
          165.6
        ]
      ],
      "Count": 5
    },
    {
      "Keys": [
        "Material",
        "Section",
        "Strain",
        "S",
        "Stress"
      ],
      "Values": [
        13600000,
        [
          0.4,
          0.6
        ],
        [
          -0.0248833999814953,
          -0.00172430511645402,
          -0.00051062091503268,
          0,
          0.00051062091503268,
          0.00172430511645402,
          0.0248833999814953
        ],
        [
          72,
          41733.8,
          0,
          491.66
        ],
        [
          -131.4,
          -82.2,
          -50,
          0,
          50,
          82.2,
          131.4
        ]
      ],
      "Count": 5
    },
    {
      "Keys": [
        "Material",
        "Section",
        "Strain",
        "S",
        "Stress"
      ],
      "Values": [
        13600000,
        [
          0.4,
          0.6
        ],
        [
          -0.0215272383365929,
          -0.00145779902746422,
          -0.000408496732026144,
          0,
          0.000408496732026144,
          0.00145779902746422,
          0.0215272383365929
        ],
        [
          55.1,
          37804.4,
          0,
          437.27
        ],
        [
          -109.2,
          -67.3,
          -40,
          0,
          40,
          67.3,
          109.2
        ]
      ],
      "Count": 5
    }
  ],
  "G_Joints": 660000
}