{
  "mass": [
    0,
    140.8
  ],
  "Heff": 4,
  "storey": 4.0,
  "span": 11.0,
  "m": 1,
  "n": 2,
  "r": 2,
  "sections": [
    {
      "Keys": [
        "Material",
        "Section",
        "Strain",
        "S",
        "Stress"
      ],
      "Values": [
        33346000,
        [
          0.4,
          0.6
        ],
        [
          -0.0335582327524983,
          -0.00111961936124127,
          -0.0001,
          0,
          0.0001,
          0.00111961936124127,
          0.0335582327524983
        ],
        [
          122.9,
          109767,
          0,
          453
        ],
        [
          -100.8,
          -96.7,
          -70.4,
          0,
          70.4,
          96.7,
          100.8
        ]
      ],
      "Count": 5
    },
    {
      "Keys": [
        "Material",
        "Section",
        "Strain",
        "S",
        "Stress"
      ],
      "Values": [
        33346000,
        [
          0.4,
          0.6
        ],
        [
          -0.0237336465211697,
          -0.000914985291584369,
          -0.0001,
          0,
          0.0001,
          0.000914985291584369,
          0.0237336465211697
        ],
        [
          57.8,
          63212,
          0,
          740.9
        ],
        [
          -127.1,
          -97.9,
          -36,
          0,
          36,
          97.9,
          127.1
        ]
      ],
      "Count": 5
    }
  ]
}