Piano,TH1,TH2,TH3,TH4,TH5,TH6,TH7,TH8,TH9,TH10,TH11,TH12,TH13,TH14,TH15,TH16,TH17,TH18,TH19,TH20,TH21,TH22,TH23,TH24,TH25
0,0.7622252609582059,0.270637007135576,0.2701276024464832,0.29644520285423037,0.3755219714576962,0.3300019714576963,0.35350078593272166,0.6567245932721714,0.4267239663608563,0.6506747094801223,0.5372131539245668,0.2638096554536188,0.2942172334352702,0.2017387991845056,0.17420303058103975,0.2963381896024465,0.20587851885830782,0.3383080091743119,0.44412004383282366,0.25013522935779814,0.42096152599388376,0.7458270244648317,0.08050923445463812,0.23724410295616719,0.24767579510703364
1,0.851865876656473,0.2932492395514781,0.23832971865443425,0.3757094169215087,0.29347488685015294,0.3186323261977574,0.4888253628950051,0.7523402018348625,0.5338249663608562,1.0880571814475026,0.771640501529052,0.29242899184505605,0.2907327319062181,0.30351475433231395,0.18836979714576962,0.500770118246687,0.2888093853211009,0.48515147298674827,0.3926012905198777,0.34800375739041794,0.4013125728848114,1.115512099898063,0.13173179714576963,0.5851969357798165,0.4160497655453619
2,0.6301633139653415,0.3213322334352701,0.2879333088685015,0.340566498470948,0.3113650815494393,0.3689468858307849,0.3935791478083588,0.709483995922528,0.5499383904179409,0.7614980203873598,0.5963858287461774,0.31764659225280323,0.31389737104994897,0.2917740387359837,0.19290578593272173,0.42178994495412847,0.2956451325178389,0.3752432864424057,0.35360028644240565,0.3819875463812436,0.4761056116207951,0.8748384250764527,0.18029424260958204,0.3636046055045871,0.32463144036697245
3,0.7860971957186544,0.41841973700305807,0.3830935219164118,0.4927638501529052,0.4809696697247706,0.4253944617737003,0.4890122609582059,0.6717043975535167,0.7171970550458715,0.8930860570846076,0.7346488307849134,0.4277154719673802,0.4251170856269113,0.39308867686034654,0.3296467777777778,0.5667593792048929,0.3725384750254842,0.4458174464831804,0.4435481834862385,0.44563293577981644,0.5375176126401632,0.977767116207951,0.27085604281345566,0.4655135596330275,0.45787978797145773
