Piano,TH1,TH2,TH3,TH4,TH5,TH6,TH7,TH8,TH9,TH10,TH11,TH12,TH13,TH14,TH15,TH16,TH17,TH18,TH19,TH20,TH21,TH22,TH23,TH24,TH25
1,0.030810833333333332,0.028124166666666665,0.022076166666666664,0.018839388888888888,0.011348277777777778,0.021092055555555555,0.02234813888888889,0.015921083333333332,0.033465277777777774,0.02679661111111111,0.009731305555555556,0.024222583333333332,0.02771869444444444,0.02097522222222222,0.009556666666666666,0.008777472222222221,0.008668361111111111,0.009092666666666667,0.009593416666666667,0.021392222222222222,0.02238036111111111,0.02712286111111111,0.008087555555555556,0.01801952777777778,0.016445638888888888
2,0.02818027777777778,0.027115833333333332,0.021124361111111115,0.018820777777777773,0.014347583333333334,0.01854452777777778,0.02071577777777778,0.017083472222222222,0.033435,0.01822997222222222,0.010341672222222223,0.02311577777777778,0.02682444444444444,0.020990222222222223,0.010450555555555555,0.010062583333333333,0.009923833333333333,0.009546166666666668,0.00955627777777778,0.022342138888888887,0.021018555555555558,0.02555555555555555,0.009195805555555558,0.014521583333333333,0.018634083333333332
3,0.028569722222222222,0.02384500000000001,0.018811111111111105,0.017288888888888885,0.014239999999999997,0.015431944444444446,0.016953055555555555,0.019335388888888888,0.034092222222222225,0.022509916666666668,0.016767833333333333,0.019960000000000002,0.02376916666666666,0.018454166666666664,0.009081111111111111,0.014313499999999998,0.009893194444444446,0.010315361111111112,0.00880588888888889,0.02114805555555555,0.02122527777777777,0.02733138888888889,0.007956277777777777,0.013057499999999998,0.017248333333333334
